{
  "base": "semantic/",
  "paths": {
    "source": {
      "config": "src/theme.config",
      "definitions": "src/definitions/",
      "site": "src/site/",
      "themes": "src/themes/"
    },
    "output": {
      "packaged": "dist/",
      "uncompressed": "dist/components/",
      "compressed": "dist/components/",
      "themes": "dist/themes/"
    },
    "clean": "dist/"
  },
  "permission": 744,
  "autoInstall": false,
  "rtl": "both",
  "components": ["reset", "site", "button", "container", "divider", "flag", "header", "icon", "image", "input", "label", "list", "loader", "rail", "reveal", "segment", "step", "breadcrumb", "form", "grid", "menu", "message", "table", "ad", "card", "comment", "feed", "item", "statistic", "accordion", "checkbox", "dimmer", "dropdown", "embed", "modal", "nag", "popup", "progress", "rating", "search", "shape", "sidebar", "sticky", "tab", "transition", "api", "form", "state", "visibility"],
  "version": "2.3.1"
}